<?xml version="1.0" encoding="UTF-8"?>
<addon id="repository.fayer3" name="fayer3's Addon Repo" version="2.0.0" provider-name="fayer3">
	<requires>
		<import addon="xbmc.addon" version="12.0.0"/>
	</requires>
	<extension point="xbmc.addon.repository" name="fayer3's Addon Repo">
		<dir minversion="18.9.9">
			<info compressed="false">https://raw.githubusercontent.com/fayer3/fayer3-kodi-repository/master/matrix/addons.xml</info>
			<checksum>https://raw.githubusercontent.com/fayer3/fayer3-kodi-repository/master/matrix/addons.xml.md5</checksum>
			<datadir zip="true">https://raw.githubusercontent.com/fayer3/fayer3-kodi-repository/master/matrix/</datadir>
			<hashes>false</hashes>
		</dir>
		<dir maxversion="18.9.0">
			<info compressed="false">https://raw.githubusercontent.com/fayer3/fayer3-kodi-repository/master/addons.xml</info>
			<checksum>https://raw.githubusercontent.com/fayer3/fayer3-kodi-repository/master/addons.xml.md5</checksum>
			<datadir zip="true">https://raw.githubusercontent.com/fayer3/fayer3-kodi-repository/master/</datadir>
			<hashes>false</hashes>
		</dir>
	</extension>
	<extension point="xbmc.addon.metadata">
		<summary>access to Addons by fayer3</summary>
		<description>access to Addons by fayer3</description>
		<platform>all</platform>
	</extension>
</addon>