<?xml version="1.0" encoding="UTF-8"?>
<addon id="script.module.extsapi" version="1.0.2" name="Extended Kodi SAPI" provider-name="netfiller">
    <requires>
        <import addon="xbmc.python" version="3.0.0"/>
        <import addon="script.module.requests" version="2.9.1"/>
        <import addon="script.module.buggalo" version="1.1.2"/>
        <import addon="script.module.inputstreamhelper" version="0.3.4"/>
    </requires>
    <extension point="xbmc.python.pluginsource" library="addon.py">
    </extension>
    <extension point="xbmc.addon.metadata">
        <summary lang="en">Extended Kodi SAPI</summary>
        <description lang="en">Extended Kodi SAPI</description>
        <description lang="de">Extended Kodi SAPI</description>
        <license>GPL 2.0</license>
        <platform>all</platform>
        <language>de</language>
        <email></email>
        <website></website>
        <source></source>
        <assets></assets>
    </extension>
</addon>
