﻿<?xml version="1.0" encoding="utf-8" standalone="yes"?>
<addon id="repository.confused" name="Confused Repo" version="1.0.2" provider-name="netfiller">
	<requires>
		<import addon="xbmc.addon" version="12.0.0"/>
	</requires>
	<extension point="xbmc.addon.repository" name="Confused Repo">
		<dir minversion="19.0.0" maxversion="19.9.0">
			<info compressed="false">https://raw.githubusercontent.com/netfiller/Confused-Matrix-Repo/main/addons.xml</info>
			<checksum>https://raw.githubusercontent.com/netfiller/Confused-Matrix-Repo/main/addons.xml.md5</checksum>
			<datadir zip="true">https://raw.githubusercontent.com/netfiller/Confused-Matrix-Repo/main/</datadir>
			<hashes>false</hashes>
		</dir>
		<dir minversion="20.0.0" maxversion="20.9.0">
			<info compressed="false">https://raw.githubusercontent.com/netfiller/Confused-Matrix-Repo/main/addons.xml</info>
			<checksum>https://raw.githubusercontent.com/netfiller/Confused-Matrix-Repo/main/addons.xml.md5</checksum>
			<datadir zip="true">https://raw.githubusercontent.com/netfiller/Confused-Matrix-Repo/main/</datadir>
			<hashes>false</hashes>
		</dir>
	</extension>
	<extension point="xbmc.addon.metadata">
		<summary>Some nice ADDONS for Confused Build</summary>
		<description>Download And Install Addons</description>
		<disclaimer>The owner and submitters to this repository do not host or distribute any of the content displayed by these addons nor do they have any affiliation with the content providers.</disclaimer>
		<platform>all</platform>
		<assets>
			<icon>resources/icon.png</icon>
			<fanart>resources/fanart.png</fanart>
		</assets>
		<news>
- fixed: Addons
- change: location
		</news>
	</extension>
</addon>
